{"cameraMode":{"drawMode":0,"name":"Shaded","section":"Shading Mode"},"sceneLighting":true,"audioPlay":false,"sceneViewState":{"showFog":true,"showMaterialUpdate":false,"showSkybox":true,"showFlares":true,"showImageEffects":true,"showParticleSystems":true},"in2DMode":false,"pivot":{"x":934.2117919921875,"y":1158.28759765625,"z":-1614.337646484375},"rotation":{"x":-0.010816773399710656,"y":0.9748667478561401,"z":-0.21881243586540223,"w":-0.046753574162721637},"size":354.9904479980469,"orthographic":true}